авто,https://autocentr-av.com/
авто,https://autolife154.ru/
авто,https://tatrazbor.com/
авто,https://dorendo.ru
авто,https://protektorug.ru
авто,http://billionairecars.ru
авто,https://tk-busfor.ru
авто,https://txk.by/
авто,https://autochiptuning.ru/
авто,https://helpercars.ru
авто,https://autoshkola.moscow/
авто,https://82h.ru
авто,http://claas-parts.ru/
авто,https://union-taxi.ru
авто,https://scooter99.ru
авто,https://truck-spare.ru/
авто,https://evakuator-irkutsk.ru
авто,https://moto77.ru
авто,https://harrison-compressors.ru/
авто,https://casaauto.md/
авто,http://www.bestkr.ru
авто,https://autogarant23.ru
авто,https://www.npoplavsk.ru
авто,https://pst.spb.ru/
авто,https://termauto.ru/
культура,https://magicgolos.ru
культура,https://greekradio.ru/
культура,https://imagesmir.ru
культура,https://avradio.ru
культура,https://kinodiva.ru/
культура,http://kinogo-official.ru/
культура,https://ros-serial.net/
культура,https://katastrof.net
культура,https://turkish-series-online.ru/
культура,https://rosserial.mobi/
культура,https://bswarriors.ru/
культура,http://iportal.uz/
культура,https://designic.com/
культура,https://www.joynews.ru/
культура,https://www.bk-art.ru/
культура,https://multiktut.ru
культура,https://javasea.ru/
культура,http://maratgallyamov.ru
культура,http://naruhina.ru/
культура,http://catalogdomov.ru/
культура,http://ro.gde-fon.com/
культура,http://dancemetallurg.ru/
культура,http://premiera.at.ua/
культура,http://bazamodel.ru
культура,http://tamada69.com
спорт,https://the-sportcase.ru/
спорт,https://swimming.by/
спорт,https://russian-sports.ru/
спорт,https://art-fs.ru
спорт,https://station.club/
спорт,https://mw.by
спорт,https://int-fs.ru
спорт,http://cskvvs.com
спорт,http://www.h-stat.ru
спорт,http://www.hcaltai.ru
спорт,http://www.hc-molot.ru
спорт,https://hockey-mag.ru
спорт,http://www.kfa.spb.ru
спорт,http://camapa-kc.ru/
спорт,https://rally-school.ru/
спорт,http://www.komanda-k.ru
спорт,http://sportnutrition.kz
спорт,http://sportf.ru
спорт,http://www.sportkzn.ru/
спорт,https://prosm.club
спорт,http://www.f1news.ru/
спорт,http://www.pbonline.ru
спорт,http://2ls.ru/
спорт,http://www.powerlifting.ru/
спорт,http://sib-fighter.com
юмор,https://megapanoptikum.info
юмор,https://shnyagi.net/
юмор,http://www.statusy-prikoly.ru
юмор,http://pozdravleniya-golosom.ru
юмор,http://e-w-e.ru/
юмор,https://anekdotovstreet.com
юмор,http://www.black-humor.ru
юмор,http://www.anekdot.net/
юмор,http://smiled.ru/
юмор,http://www.kalamburov.net
юмор,https://pohohochem.ru
юмор,http://jewishjokes.narod.ru
юмор,http://prikol.pp.ru/
юмор,http://yoursmileys.ru/
юмор,https://jo-jo.ru
юмор,http://wantprikol.ru/
юмор,http://fun24.org
юмор,http://jokesland.net.ru
юмор,http://hultura.ru
юмор,http://xn--80agfsuliz1a.xn--p1ai
юмор,https://ustaliy.ru
юмор,http://rasskaziki.ru/
юмор,http://puhly.ru/
юмор,http://10ha.ru
юмор,http://anekdot.hlop.eu
образование,https://direct-psy.ru/
образование,https://start-today.com.ua
образование,https://md-global.ru/
образование,https://nestart.by/
образование,https://wonderland.by/
образование,https://nipkef.ru/
образование,https://verginna.by/
образование,https://cdo-spt.ru
образование,https://edocnet.ru/pub
образование,http://www.mtandit.ru/
образование,https://clubpixel.ru/
образование,https://ortodontvspb.ru
образование,https://disynergy.ru/
образование,https://www.schooltrafalgar.ru/
образование,https://promin.org/
образование,https://psixika.ru/
образование,http://tra7-msk.ru
образование,https://www.anyrcentr.ru/
образование,http://robo3.ru/
образование,https://info.swsu.org
образование,http://www.whatbird.ru
образование,http://jurnal.org
образование,http://www.sapr4.narod.ru
бизнес,https://novostroyki.an2pn.ru/
бизнес,https://sksobol.ru
бизнес,https://juristpozemle.ru
бизнес,https://prorab54.ru/
бизнес,https://escrow-garant.xyz
бизнес,https://shop.mypar.ru
бизнес,https://top-pansionaty.ru
бизнес,http://рех-у-окна.рф/
бизнес,https://art-pollion.ru/
бизнес,https://decor-facade.ru/
бизнес,https://kafel.ksobol.ru
бизнес,https://москва.стахановец.рф/
бизнес,https://kspoverka.ru/
бизнес,https://uborka-nsk.ru
бизнес,https://fibra.ksobol.ru/
бизнес,https://an2pn.ru
бизнес,https://veterok54.ru
бизнес,https://diskus-plus.com/
бизнес,https://uzbk.ru/
бизнес,https://stroika-wiki.ru
бизнес,https://business-wiki.ru
бизнес,https://kinolog-profi.ru/
бизнес,https://ang-grupp.ru/penopleks.html
бизнес,https://bioboo.st/
бизнес,https://b2b.trade/ru
путешествие,https://go-piter.ru/
путешествие,https://mytripguide.ru
путешествие,https://cheaptoflights.ru
путешествие,https://tripforstudents.ru/
путешествие,https://taksi-tiraspol.ru/
путешествие,https://luxortour.kz/
путешествие,http://www.san-krym.ru
путешествие,https://bookingspb.com
путешествие,https://avia-surgut.ru
путешествие,http://www.amerikos.com
путешествие,http://www.geografia-nsk.ru
путешествие,http://www.invest-realty.com
путешествие,http://punktpropuska.ru/
путешествие,http://tianshan.alnaz.ru
путешествие,http://www.emirat.ru/
путешествие,http://www.flagman-travel.ru
путешествие,http://immican.chat.ru
путешествие,http://rodclub.ru/
путешествие,http://gostinitsa-v-moskve.ru/
путешествие,http://www.nparks.ru
путешествие,http://world-karta.ru
путешествие,http://www.itmgroup.ru/
путешествие,http://dvphoenix.ru/
путешествие,http://www.apankov.com
путешествие,http://www.euromag.ru/